author,title,journal,vol,no,pages,date,year,url
"Go Sato, Yuji Yamamoto, Kyuto Sonehara, Ryunosuke Saiki, Takafumi Ojima, Masahiro Kanai, Aoxing Liu, Ryuya Edahiro, Yuya Shirai, Shinichi Namba, Ho Namkoong, Takanori Hasaegawa, Yuriko N Koyanagi, Yumiko Kasugai, Taiki Yamaji, Shiori Nakano, Giulio Genovese, Timo P Sipilä, Awaisa Ghazal, Hiromu Tanaka, Shuhei Azekawa, Yoshifumi Uwamino, Kenichi Yamamoto, Ken Suzuki, Tsuyoshi Hata, Mamoru Uemura, Yoshito Takeda, Akinori Kanai, Shinichi Higashiue, Shuzo Kobayashi, Hisaaki Afuso, Kosho Matsuura, Yojiro Mitsumoto, Yasuhiko Fujita, FinnGen, Japan COVID-19 Task Force, Biobank Japan Project, Yoshiya Oda, Yutaka Suzuki, Takayuki Morisaki, Makoto Ishii, Yuko Kitagawa, Ryuji Koike, Akinori Kimura, Seiya Imoto, Satoru Miyano, Takanori Kanai, Jun Takayama, Motoki Iwasaki, Norie Sawada, Koichi Fukunaga, Keitaro Matsuo, Atsushi Kumanogoh, Yuichiro Doki, Hidetoshi Eguchi, Shigeki Nakagome, Gen Tamiya, Andrea Ganna, Aarno Palotie, Mark J Daly, James F Wilson, Masayuki Yamamoto, Koichi Matsuda, Seishi Ogawa, Toshimasa Yamauchi, Takashi Kadowaki, Yukinori Okada",Genetic regulation across germline and somatic variation on the Y chromosome contributes to type 2 diabetes,Nature Medicine,,,,2026/02/23,2026,https://doi.org/10.1038/s41591-026-04213-z
"Mengqi Luo, Xiaohong Zhu, Chen Bai, Arieh Warshel, Luonan Chen",Mining lysine post-translational modification sites by integrating protein language model representations with structural context,Proceedings of the National Academy of Sciences of the United States of America,123,7,e2529141123,2026/02/09,2026,https://doi.org/10.1073/pnas.2529141123
"Dongyin He, Haoran Hu, Kai Xiao, Yuhang Zhang, Yongbing Cheng, Shaozhuo Jiao, Yimei Hao, Yuanyuan Cai, Ziqun Liu, Xinran Yan, Qinsheng Chen, Xiyan Mu, Qi Wang, Shan Peng, Guoqin Sang, Xiaoling Zhi, Yanxia Chang, Qing Ye, Yuyao Yang, Meixia Che, Shengsong Huang, Hongqian Guo, Luonan Chen, Huiru Tang, Xuefeng Qiu, Zhenfei Li",Analysis of the transcriptomic and metabolomic landscape of prostate cancer with different anatomical origins using snFLARE-seq and mxFRIZNGRND,Nature Communications,,,,2026/02/07,2026,https://doi.org/10.1038/s41467-026-69347-7
"Zhenyu Jin, Di Zhang, Luonan Chen",ICIsc: A Deep Learning Framework for Predicting Immune Checkpoint Inhibitor Response by Integrating scRNA-Seq and Protein Language Models,Bioengineering,13,2,187,2026/02/06,2026,https://doi.org/10.3390/bioengineering13020187
"Yuji Okamoto, Aya Nakamura, Ryosuke Kojima, Eiichiro Uchino, Yohei Mineharu, Yohei Harada, Mayumi Kamada, Minoru Sakuragi, Manabu Muto, Motoko Yanagita, Yasushi Okuno",A deep state-space analysis framework for cancer patient latent state estimation and classification from EHR time-series data,Plos One,21,1,e0341003,2026/01/30,2026,https://doi.org/10.1371/journal.pone.0341003
"Mariam Karim, Keisuke Yaku, Jun-Dal Kim, Akira Okekawa, Tsutomu Wada, Hitoshi Uchida, Amane Mizutani, Tran Canh Tung Nguyen, Yoshiharu Kawaguchi, Yoshimi Nakagawa, Toshiyasu Sasaoka, Yasuhito Yahara, Takashi Nakagawa",Early-life NAD+ deficiency programs skeletal muscle aging by sustained suppression of hyaluronic acid synthesis beginning in childhood,Cell Reports,45,2,116912,2026/01/28,2026,https://doi.org/10.1016/j.celrep.2025.116912
"Shinichi Namba, Kyuto Sonehara, Yuriko N Koyanagi, Takezo Kikuchi, Takafumi Ojima, Ryuya Edahiro, Go Sato, Taiki Yamaji, Yoshihiko Tomofuji, Hiroyuki Ueda, Kenichi Yamamoto, Yosuke Ogawa, Ken Suzuki, Akinori Kanai, Shinichi Higashiue, Shuzo Kobayashi, Hiroki Yamaguchi, Yasunobu Nagata, Yasushi Okazaki, Naoyuki Matsumoto, Kenta Motomura, Hidenobu Koga, Asahi Hishida, Hiroaki Ikezaki, Megumi Hara, Mako Nagayoshi, Isao Oze, Shiori Nakano, BioBank Japan Project, Yoshiya Oda, Yutaka Suzuki, Motoki Iwasaki, Norie Sawada, Keitaro Matsuo, Takayuki Morisaki, Toshimasa Yamauchi, Takashi Kadowaki, Koichi Matsuda, Yukinori Okada",A cross-population compendium of gene-environment interactions,Nature,,,,2026/01/28,2026,https://doi.org/10.1038/s41586-025-10054-6
"Iimi Onuma, Yusuke Iwata, Yue Zhou, Mai Nakada, Arisa Kondo, Hiroyuki Iwahara, Kanako Natori, Satoru Yokoyama, Kazuyasu Chihara, Kenji Takeuchi, Kiyonao Sada, Tatsuhiko Ozawa, Mineyuki Mizuguchi, Nobuyuki Yamagishi, Michael Kracht, Hiroaki Sakurai",The stress-activated kinase p38 mediates non-canonical activation of Src and tyrosine phosphorylation of the adapter protein TAB1,Journal of Biological Chemistry,302,3,111200,2026/01/23,2026,https://doi.org/10.1016/j.jbc.2026.111200
"Daiki Tatematsu, Naotoshi Nakamura, Masato S Abe, Tetsuo Ishikawa, Takahiro Ezaki, Lin Cai, Eiryo Kawakami, Kazuyuki Aihara, Atsushi Nishida, Naohiro Okada, Naoki Masuda, Kiyoto Kasai, Shinsuke Koike, Shingo Iwami",Psychological distress among Japanese high school students during the COVID-19 pandemic: An energy landscape analysis,Plos Medicine,23,1,e1004884,2026/01/22,2026,https://doi.org/10.1371/journal.pmed.1004884
"Rikuto Goto, Naoaki Sakamoto, Akinori Awazu",Common tissue-specific expressions and regulatory factors of c-KIT isoforms with and without GNNK and GNSK sequences across five mammals,Plos One,21,1,e0332294,2026/01/20,2026,https://doi.org/10.1371/journal.pone.0332294
"Yoh Iwasa, Rena Hayashi, Akane Hara, Kosei Matsuo",Is Thymic Involution Truly a Deterioration or an Adaptation?,Bulletin of Mathematical Biology,88,2,28,2026/01/17,2026,https://doi.org/10.1007/s11538-025-01569-0
"Qiao Ke, Naoki Masuda, Zhen Jin, Chuang Liu, Xiu-Xiu Zhan",Source detection in epidemic dynamics on hypergraphs using a dynamic message passing algorithm,Chaos,36,1,#013121,2026/01/12,2026,https://doi.org/10.1063/5.0311821
Ikumi Banno,Data Informativity for Output Controllability Gramians and Its Duality,Proceedings of the 64th IEEE Conference on Decision and Control (CDC2025),,,,2026/01/12,2026,https://doi.org/10.1109/CDC57313.2025.11312748
"Hui-Feng He, Pai Peng, Shi-Tong Yang, Meng-Guo Wang, Xiao-Fei Zhang, Luonan Chen",Unlocking single-cell level and continuous whole-slide insights in spatial transcriptomics with PanoSpace,Nature Computational Science,,,,2026/01/06,2026,https://doi.org/10.1038/s43588-025-00938-y
"Naoki Hashimoto, Kiyotaka Nemoto, Masaki Fukunaga, Junya Matsumoto, Naohiro Okada, Kentaro Morita, Hidenaga Yamamori, Michiko Fujimoto, Yuka Yasuda, Michihiko Koeda, Takahiko Kawashima, Morio Aki, Daiki Sasabayashi, Daisuke Fujikane, Kenichiro Harada, Maeri Yamamoto, Shuhei Ishikawa, Naomi Hasegawa, Satsuki Ito, Kazutaka Ohi, Toshio Matsubara, Yoji Hirano, Yoshiyuki Watanabe, Hidenori Yamasue, Amane Tateno, Jun Miyata, Tsutomu Takahashi, Yasuhiro Kawasaki, Toshiaki Onitsuka, Yoshiro Okubo, Kunihiko Asai, Michio Suzuki, Norio Ozaki, Kiyoto Kasai, Ryota Hashimoto, COCORO",Optimizing multi-site schizophrenia differentiation: MRI harmonization with 20 controls per scanner in a study of 3560 subjects across 15 MRI scanners,Progress in Neuro-Psychopharmacology & Biological Psychiatry,144,,111607,2026/01/03,2026,https://doi.org/10.1016/j.pnpbp.2026.111607
"Mayu Kokubo, Iwao Kimura, Makito Oku, Kazuyuki Tobe, Yoshiki Nagata, Kei-Ichi Ueda",Orthogonality-guided feature selection for energy landscape analysis of health transitions,"Nonlinear Theory and Its Applications, IEICE",17,1,211-227,2026/01/01,2026,https://doi.org/10.1587/nolta.17.211
"Yosuke Inoue, Masaki Inoue, Kenji Kashima, Yasuhiro Onogi",Snapshot data-driven covariance steering for linear dynamical systems,"Nonlinear Theory and Its Applications, IEICE",17,1,138-155,2026/01/01,2026,https://doi.org/10.1587/nolta.17.138
Makito Oku,Designing efficient interventions for pre-disease states using control theory,"Nonlinear Theory and Its Applications, IEICE",17,1,156-185,2026/01/01,2026,https://doi.org/10.1587/nolta.17.156
"Makito Oku, Akiko Inujima, Keiichi Koizumi, Kazutaka Akagi, Shiho Fujisaka, Tsutomu Wada, Yasuhiro Onogi, Toshiyasu Sasaoka, Kazuyuki Tobe, Makoto Kadowaki, Xun Shen, Jun-ichi Imura, Kazuyuki Aihara, Shigeru Saito",Dynamical network biomarker analysis using multi-organ RNA sequencing in metabolic syndrome model mice,"Nonlinear Theory and Its Applications, IEICE",17,1,186-210,2026/01/01,2026,https://doi.org/10.1587/nolta.17.186
"Zhenhui Xu, Hampei Sasahara, Jun-ichi Imura",EKF-based System Parameter Estimation under High-dimensional Low-sample-size Data,"Nonlinear Theory and Its Applications, IEICE",17,1,125-137,2026/01/01,2026,https://doi.org/10.1587/nolta.17.125
"Kentaro Takeda, Hiroyuki Kitajima, Makoto Ishizawa, Tetsuo Minamino",Atrial fibrillation detection using reservoir computing and anomaly detection method from automated blood pressure measurements,"Nonlinear Theory and Its Applications, IEICE",17,1,228-239,2026/01/01,2026,https://doi.org/10.1587/nolta.17.228
Yuji Okamoto,Transformers for time-series forecasting: A comprehensive survey through 2024,"Nonlinear Theory and Its Applications, IEICE",17,1,260-278,2026/01/01,2026,https://doi.org/10.1587/nolta.17.260
Hayato Sato and Nina Sviridova,Distance-Related Consistency of Imaging Photoplethysmogram Dynamics,"Nonlinear Theory and Its Applications, IEICE",17,1,240-259,2026/01/01,2026,https://doi.org/10.1587/nolta.17.240
"Sotaro Moriyama, Yoshihiro Noda, Shiori Honda, Richard A E Edden, Koki Takahashi, Keisuke Saito, Keita Taniguchi, Masataka Wada, Sakiko Tsugawa, Yui Tobari, Sunjun Huh, Yumina Nakane, Saki Homma, Mie Matsui, Shinsuke Koike, Masaru Mimura, Hiroyuki Uchida, Shinichiro Nakajima",Evaluation of GABAergic and Glutamatergic Levels in the Dorsal Anterior Cingulate Cortex of Patients With Bipolar Disorder: A Cross-Sectional 1H-MRS Study,Neuropsychopharmacology Reports,46,1,e70085,2025/12/22,2025,https://doi.org/10.1002/npr2.70085
"Meiting Yue, Zhen Qin, Shijie Tang, Xinlei Cai, Yikai Zhao, Chen Yang, Liang Chen, Luonan Chen, Hongbin Ji",Concurrent PIK3CA mutant promotes cachexia through inflammatory signaling in EGFR mutant lung cancer,Nature Communications,17,1,704,2025/12/16,2025,https://doi.org/10.1038/s41467-025-67345-9
"Xinyan Zhang, Chengming Zhang, Yanpu Wu, Xu Lin, Xiaoping Liu, Luonan Chen",Quantifying Individual Health Status from Multi-omics Data by Health State Manifold,Phenomics,5,,469-486,2025/12/15,2025,https://doi.org/10.1007/s43657-024-00188-4
"Naoyuki Kamiyama, Hiroaki Yamada, Takashi Kato, Shizuo Kaji, and Tetsuro Takahashi",A Topological Data Analysis Approach to Detecting Congestion in Pedestrian Crowds,Proceedings of the 2025 Winter Simulation Conference,,,,2025/12/07,2025,https://doi.org/10.1109/WSC68292.2025.11339049
"Tempei Ikegame, Miki Bundo, Daiki Nagaoka, Yutaro Yanagida, Yutaka Nakachi, Emi Kiyota, Naohiro Okada, Shinsuke Koike, Syudo Yamasaki, Shuntaro Ando, Atsushi Nishida, Kazuya Iwamoto, Kiyoto Kasai",Association Study on Multi-Timepoint DNA Methylation Levels of Serotonin Transporter Gene and Adolescent Psychological-Behavioral Development,Neuropsychopharmacology Reports,45,4,e70081,2025/12/04,2025,https://doi.org/10.1002/npr2.70081
"Takuto Minami, Tempei Ikegame, Miho Tanaka, Eureka Kumagai, Akiko Kanehara, Ryo Morishima, Yousuke Kumakura, Noriko Okochi, Junko Hamada, Tomoko Ogawa, Hidetaka Tamune, Yukiko Kano, Seiichiro Jinde, Kiyoto Kasai",Urinary metabolomic profiling in 22q11.2 deletion syndrome reveals microbial and mitochondrial signatures related to autism and psychosis risk,PCN Reports : Psychiatry and Clinical Neurosciences,4,4,e70261,2025/12/02,2025,https://doi.org/10.1002/pcn5.70261
"Yusuke Takahashi, Naoki Takamatsu, Naohiro Okada, Sho Yagishita, Kiyoto Kasai",Meta-analysis of 1H-MRS glutamate profiles in adult schizophrenia spectrum disorders and autism spectrum disorder: Study protocol,PCN Reports : Psychiatry and Clinical Neurosciences,4,4,e70260,2025/12/02,2025,https://doi.org/10.1002/pcn5.70260
"Raiki Yoshimura, Naotoshi Nakamura, Takeru Matsuura, Takeo Toshima, Takasuke Fukuhara, Kazuyuki Aihara, Katsuhito Fujiu, Shingo Iwami, Tomoharu Yoshizumi",Prediction of graft loss in living donor liver transplantation during the early postoperative period,Plos Computational Biology,21,11,e1013734,2025/11/24,2025,https://doi.org/10.1371/journal.pcbi.1013734
"Zijian Wang, Peng Tao, Luonan Chen",Delayformer: Spatiotemporal Transformation for Predicting High-Dimensional Dynamics,Advanced Science,13,3,e14671,2025/11/21,2025,https://doi.org/10.1002/advs.202514671
"Muhammad Rahil Aslam, Muhammad Bilal, Allah Nawaz, Tomonobu Kado, Shinya Abe, Nguyen Quynh Phuong, Memoona, Sana Khalid, Le Duc Anh, Ayumi Nishimura, Yoshiyuki Watanabe, Yoshiko Igarashi, Naeem Iqbal, Maki Yokoyama, Yasuhiro Onogi, Kennichi Hirabayashi, Hiroyuki Miwa, Takumi Era, Martin M Matzuk, Seiji Yamamoto, Koichi Ikuta, Isao Usui, Kohta Kobayashi, Toshihiko Satake, Masaru Kato, Shiho Fujisaka, Kazuyuki Tobe",Deletion of fibro-adipogenic progenitors-specific follistatin impairs muscle function and accelerates skeletal muscle atrophy in obese mice,Molecular Medicine,31,1,340,2025/11/21,2025,https://doi.org/10.1186/s10020-025-01393-1
"Roneel V. Sharan, Hiroki Takeuchi, Akifumi Kishi, Jiabin Wang, Tatsuhiko Watanabe, Yoshiharu Yamamoto",Sleep Staging Using PPG-Derived Heart Rate and Accelerometer Data from a Smart Ring with Lightweight Neural Networks,IEEE Transactions on Instrumentation and Measurement,74,,4020414,2025/11/20,2025,https://doi.org/10.1109/TIM.2025.3635330
"Xiaoxue Long, Hui Wang, Yuwei Lu, Xiaojing Gao, Yuanyuan Xiao, Mingliang Zhang, Jingyi Guo, Jingyi Yang, Ruiqi Zhang, Qian Li, Guiyun Zhou, Ruibao Yang, Feng Chen, Qingqing Wu, Liming Sun, Chengshuang Chu, Xuexue Zhu, Zhengjun Wu, Quanlu Ren, Chunping You, Zhenmin Liu, Qian Li, Dan Liu, Di Cheng, Piao Kang, Anran Chen, Qian Wu, Qichen Fang, Li Wei, Lei Zhang, Jun Li, Gianni Panagiotou, Weiping Jia, Rong Zeng, Yueqiong Ni, Luonan Chen, Huating Li",Interindividual variability in gut microbiome mediates the efficacy of resistant starch on MASLD,Cell Metabolism,37,12,2342-2361,2025/11/20,2025,https://doi.org/10.1016/j.cmet.2025.10.017
"Neil G MacLaren, Baruch Barzel, Naoki Masuda",Observing network dynamics through sentinel nodes,Nature Communications,16,1,10211,2025/11/20,2025,https://doi.org/10.1038/s41467-025-64975-x
"Kazutaka Ohi, Daisuke Fujikane, Yasuhisa Oida, Kentaro Takai, Tatsuhide Ukisu, Maho Nakahara, Hiroki Murakami, Koji Fujita, Ayumi Kuramitsu, Yukimasa Muto, Shunsuke Sugiyama, Kiyoto Kasai, Shinsuke Koike, Kiyoyuki Kitaichi, Toshiki Shioiri",Epigenetic aging in anxiety disorders: diagnostic subtype differences and associations with social functioning,BMC Medicine,23,1,637,2025/11/17,2025,https://doi.org/10.1186/s12916-025-04480-6
"Hiroto Tamura, Kantaro Fujiwara, Kazuyuki Aihara, Gouhei Tanaka",Online classification of multivariate time series data through Gaussian Reservoir State Analysis (GRSA),Proceedings of the 2025 International Joint Conference on Neural Networks (IJCNN2025),,,,2025/11/14,2025,https://doi.org/10.1109/IJCNN64981.2025.11227942
"Ziqiang Li, Robert Simon Fong, Kantaro Fujiwara, Kazuyuki Aihara, and Gouhei Tanaka",Structuring Multiple Simple Cycle Reservoirs with Particle Swarm Optimization,Proceedings of the 2025 International Joint Conference on Neural Networks (IJCNN2025),,,,2025/11/14,2025,https://doi.org/10.1109/IJCNN64981.2025.11228517
"Keigo Nogami, HIroto Tamura, and Gouhei Tanaka",Federated Learning with Reservoir State Analysis for Time Series Anomaly Detection,Proceedings of the 2025 International Joint Conference on Neural Networks (IJCNN2025),,,,2025/11/14,2025,https://doi.org/10.1109/IJCNN64981.2025.11228565
"Ju Seong Kim, Kwang Su Kim, Ayato Takada, Yusuke Asai, Shingo Iwami, Seung-Woo Son, Mi Jin Lee",Evaluating the impact of NPC1 single nucleotide polymorphisms on entry efficiency of filoviruses in vitro: Agent-based model approach,Journal of Theoretical Biology,618,,112315,2025/11/07,2025,https://doi.org/10.1016/j.jtbi.2025.112315
"Yuichiro Miyazawa, Tsutomu Wada, Yuichi Iwasa, Kento Fuse, Hisafumi Shioneri, Yasuhiro Onogi, Azusa Sameshima, Tomoyuki Yoshida, Ichiro Takasaki, Hisashi Mori, Keiichi Koizumi, Hiroshi Tsuneki, Shigeru Saito, Toshiyasu Sasaoka",Protective role of soluble CD52 in obesity-associated steatotic liver disease and glucose dysregulation in mice,Molecular Metabolism,103,,102279,2025/11/04,2025,https://doi.org/10.1016/j.molmet.2025.102279
"Shinsuke Koike, Norihide Maikusa, Lin Cai, Issei Ueda, Shuhei Shibukawa, Toshihiko Aso, Saori C Tanaka, Takuya Hayashi, Japanese Strategic Research Program for the Promotion of Brain Science (SRPBS) DecNef Study Project Group, Brain/MINDS Beyond Human Brain MRI (BMB‐HBM) Study Project Group",Estimation of the Intracranial Volume Is Crucial in Multi-Site Studies: Reliability for Longitudinal Investigations and Traveling Subjects,Human Brain Mapping,46,16,e70405,2025/11/01,2025,https://doi.org/10.1002/hbm.70405
"Yoshiyuki Noguchi, Rina Kunishige, Naeko Shinozaki-Narikawa, Hiroshi Yamashita, Kazuyuki Aihara, Masayuki Murata, Fumi Kano",Unveiling and stratifying cell cycle-dependent drug efficacy using a single-cell PLOM-CON approach with correlation anomaly and presage protein signals,Communications Biology,8,1,1504,2025/10/30,2025,https://doi.org/10.1038/s42003-025-08916-w
"S. Iwasaki, K. Sakai and H. Kitajima",Prediction of paroxysmal atrial fibrillation in non-episode ECG using machine learning,Proceedings of 2025 International Symposium on Nonlinear Theory and Its Applications,,,458-461,2025/10/27,2025,
T. Araki and H. Kitajima,Detection of atrial fibrillation using recurrence quantification analysis,Proceedings of 2025 International Symposium on Nonlinear Theory and Its Applications,,,454-457,2025/10/27,2025,
"Hiromichi Suetani, Toshitaka Matsuki, Toshiya Takami, Ulrich Parlitz",Exploring Hierarchical Generalized Synchronization in Spiking Neural Networks for Robust Neuromorphic Computing ,Proceedings of 2025 International Symposium on Nonlinear Theory and Its Applications (NOLTA2025) ,,,197-200,2025/10/27,2025,
"Kodai KOGA, Nina SVIRIDOVA",Study on the Effect of Recording Duration and Frame Rate on Extraction of Dynamical Properties of Imaging Photoplethysmogram,Proceedings of 2025 International Symposium on Nonlinear Theory and Its Applications,,,328-331,2025/10/27,2025,
"Jong Hyuk Byun, Il Hyo Jung, Shingo Iwami, Yong Dam Jeong, Kwang Su Kim",Enhancing viral dynamics modeling: reliable initial estimation and validity conditions for quasi-steady state approximation (QSSA),BMC Biology,23,1,321,2025/10/23,2025,https://doi.org/10.1186/s12915-025-02354-0
"Siwei Liu, Ingrid Agartz, Paul Allen, G Paul Amminger, Ole A Andreassen, Peter Bachman, Inmaculada Baeza, Helen Baldwin, Cali F Bartholomeusz, Stefan Borgwardt, Sabrina Catalano, Xiaogang Chen, Kang Ik K Cho, Sunah Choi, Tiziano Colibazzi, Rebecca E Cooper, Cheryl M Corcoran, Vanessa L Cropley, Lieuwe de Haan, Camilo de la Fuente-Sandoval, Montserrat Dolz, Bjørn H Ebdrup, Adriana Fortea, Paolo Fusar-Poli, Louise Birkedal Glenthøj, Birte Yding Glenthøj, Shalaila S Haas, Holly K Hamilton, Kristen M Haut, Rebecca A Hayes, Ying He, Karsten Heekeren, Wenche Ten Velden Hegelstad, Christine I Hooker, Leslie E Horton, Daniela Hubl, Wu Jeong Hwang, Michael Kaess, Kiyoto Kasai, Naoyuki Katagiri, Minah Kim, Jochen Kindler, Mallory J Klaunig, Shinsuke Koike, Tina D Kristensen, Yoo Bin Kwak, Jun Soo Kwon, Stephen M Lawrie, Irina Lebedeva, Imke Lj Lemmers-Jansen, Pablo León-Ortiz, Ashleigh Lin, Rachel L Loewy, Xiaoqian Ma, Daniel H Mathalon, Patrick McGorry, Philip McGuire, Chantal Michel, Romina Mizrahi, Masafumi Mizuno, Paul Møller, Ricardo Mora-Durán, Daniel Muñoz-Samons, Barnaby Nelson, Takahiro Nemoto, Merete Nordentoft, Dorte Nordholm, Maria A Omelchenko, Lijun Ouyang, Christos Pantelis, Jose C Pariente, Jayachandra M Raghava, Paul E Rasser, Franz Resch, Francisco Reyes-Madrigal, Luis F Rivera-Chávez, Jan I Røssberg, Wulf Rössler, Dean F Salisbury, Daiki Sasabayashi, Ulrich Schall, Jason Schiffman, Andre Schmidt, Lukasz Smigielski, Mikkel E Sørensen, Gisela Sugranyes, Michio Suzuki, Tsutomu Takahashi, Christian K Tamnes, Jinsong Tang, Anastasia Theodoridou, Sophia I Thomopoulos, Alexander S Tomyshev, Jordina Tor, Peter J Uhlhaas, Tor G Værnes, Therese Amj van Amelsvoort, Dennis Velakoulis, Esther Via, Sophia Vinogradov, James A Waltz, Christina Wenneberg, Lars T Westlye, Stephen J Wood, Hidenori Yamasue, Liu Yuan, Alison R Yung, Michael Wl Chee, Paul M Thompson, Dennis Hernaus, Maria Jalbrzikowski, Jimmy Lee, Juan H Zhou, ENIGMA Clinical High Risk for Psychosis Working Group",Structural covariance network topology in individuals at clinical high risk for psychosis: the ENIGMA-CHR Study,Molecular Psychiatry,31,3,1707-1722,2025/10/22,2025,https://doi.org/10.1038/s41380-025-03304-6
"Khanh Nguyen, Yue Zhou, Satoru Yokoyama, So-Ichiro Sasaki, Seiji Yano, Ryuji Hayashi, Keiichi Koizumi, Yoshihiro Hayakawa, Hiroaki Sakurai",Allosteric SHP2 inhibitors suppress lung cancer cell migration by inhibiting non-canonical activation of EphA2 via the ERK-RSK signaling pathway,Scientific Reports,15,1,36926,2025/10/22,2025,https://doi.org/10.1038/s41598-025-20770-8
"Muhammad Bilal, Nguyen Quynh Phuong, Tomonobu Kado, Jianhui Liu, Le Duc Anh, Sana Khalid, Muhammad Rahil Aslam, Memoona, Ayumi Nishimura, Yoshiko Igarashi, Yoshiyuki Watanabe, Waseem Abbas, Maki Yokoyama, Yasuhiro Onogi, Kenichi Hirabayashi, Seiji Yamamoto, Kunimasa Yagi, Marsel Lino, Isao Usui, Masaru Kato, Shiho Fujisaka, Allah Nawaz, Kazuyuki Tobe",Tofogliflozin ameliorates cardiotoxin induced skeletal muscle injury and fibrosis in obesity,Scientific Reports,15,1,32633,2025/10/22,2025,https://doi.org/10.1038/s41598-025-12734-9
"Toshitaka Matsuki, Yusuke Sakemi, Kazuyuki Aihara",Chaos-based reinforcement learning with TD3,Neural Networks,195,,108202,2025/10/15,2025,https://doi.org/10.1016/j.neunet.2025.108202
"Sviridova, Nina, and Sora Okazaki",Data Reduction Methodology for Dynamic Characteristic Extraction in Photoplethysmogram,Sensors ,25,19,6232,2025/10/08,2025,https://doi.org/10.3390/s25196232
"Kosuke Honda, Hiroshi Tsuneki, Hisakatsu Ito, Kenji Mori, Morikatsu Yoshida, Tsutomu Wada, Toshiyasu Sasaoka",Sleep-promoting effects of preproorexin C-terminal peptide in mice,Biochemical and Biophysical Research Communications,787,,152760,2025/10/04,2025,https://doi.org/10.1016/j.bbrc.2025.152760
"Xinyan Zhang, Luonan Chen",Quantifying interventional causality by knockoff operation,Science Advances,11,40,eadu6464,2025/10/01,2025,https://doi.org/10.1126/sciadv.adu6464
"Masanori Sugiyama, Hiroshi Tsuneki, Kengo Onishi, Koharu Yubune, Towa Yamagishi, Shota Sano, Yuki Tanaka, Ichiro Takasaki, Takeshi Sakurai, Masashi Yanagisawa, Keiichi Koizumi, Makoto Kadowaki, Shigeru Saito, Tsutomu Wada, Toshiyasu Sasaoka",Olfactory bulbectomy-induced impairment of lipid utilization leads to abnormal glucose metabolism in mice,PLoS ONE,20,9,e0333176,2025/09/29,2025,https://doi.org/10.1371/journal.pone.0333176
"Masataka Shikata, Makito Oku, Shion Fukuhara, Ryo Ito, Takayuki Haruki, Keiichi Ueda, Iwao Kimura, Tsuyoshi Teramoto, Daisuke Chujo, Minoru Iwata, Takashi Yamagami, Yoshiki Nagata, Makoto Kadowaki, Kazuyuki Tobe","Characterization of individuals in whom body weight loss precedes diabetes onset: a retrospective, observational, longitudinal cohort study based on health checkup in Japan",Endocrine Journal,73,1,43-52,2025/09/25,2025,https://doi.org/10.1507/endocrj.EJ25-0230
"Tomohiro Sensui, Kotaro Iwasaki, Kazuyuki Aihara",Identification of Pre-Disease State in NC/Nga Mice with Atopic Dermatitis-Like Symptoms Using Dynamical Network Biomarkers,Journal of Investigative Dermatology,,,,2025/09/22,2025,https://doi.org/10.1016/j.jid.2025.09.009
"Hyeongki Park, Naotoshi Nakamura, Sho Miyamoto, Yoshitaka Sato, Kwang Su Kim, Kosaku Kitagawa, Yurie Kobashi, Yuta Tani, Yuzo Shimazu, Tianchen Zhao, Yoshitaka Nishikawa, Fumiya Omata, Moe Kawashima, Toshiki Abe, Yoshika Saito, Saori Nonaka, Morihito Takita, Chika Yamamoto, Hiroshi Morioka, Katsuhiro Kato, Ken Sagou, Tetsuya Yagi, Takeshi Kawamura, Akira Sugiyama, Aya Nakayama, Yudai Kaneko, Risa Yokokawa Shibata, Kazuyuki Aihara, Tatsuhiko Kodama, Akifumi Kamiyama, Tomokazu Tamura, Takasuke Fukuhara, Kenji Shibuya, Tadaki Suzuki, Shingo Iwami, Masaharu Tsubokura",Longitudinal antibody titers measured after COVID-19 mRNA vaccination can identify individuals at risk for subsequent infection,Science Translational Medicine,17,816,eadv4214,2025/09/17,2025,https://doi.org/10.1126/scitranslmed.adv4214
"Shuhan Zheng, Ziqiang Li, Kantaro Fujiwara, Gouhei Tanaka",Diffusion Model for Relational Inference in Interacting Systems,IEEE Transactions on Network Science and Engineering,13,,1990-2003,2025/09/15,2025,https://doi.org/10.1109/TNSE.2025.3607563
"Tempei Kabayama, Motomasa Komuro, Yasuo Kuniyoshi, Kazuyuki Aihara, Kohei Nakajima",Crisis-induced intermittency in reservoir computing,Physical Review Research,7,,L032058,2025/09/12,2025,https://doi.org/10.1103/vqvp-mbxx
Hiromichi Suetani,Unsupervised learning of collective patterns in selfpropelled particles through persistent homology,EPJ Web of Conferences,334,,#02002,2025/09/12,2025,https://doi.org/10.1051/epjconf/202533402002
"Ryouhei Nishiguchi, Takashi Nakakuki, Jun-ichi Imura",Dynamical Network Biomarker Analysis of Biomolecular PID Control Systems Exhibiting Saddle-Node Bifurcation,Proceedings of The 2025 SICE Festival with Annual Conference,,,,2025/09/11,2025,
"Tempei Kabayama, Motomasa Komuro, Kazuyuki Aihara, Kohei Nakajima",Pseudo-Lorenz attractors in echo state networks,Japan Journal of Industrial and Applied Mathematics,42,,1459-1473,2025/09/10,2025,https://doi.org/10.1007/s13160-025-00740-3
"Tatsuki Yamamoto, Minoru Sakuragi, Yuzuha Tuji, Yuji Okamoto, Eiichiro Uchino, Motoko Yanagita, Manabu Muto, Mayumi Kamada, Yasushi Okuno",Predicting mortality dynamics in cancer patients: A machine learning approach to pre-death events,PLoS ONE,20,9,e0331650,2025/09/09,2025,https://doi.org/10.1371/journal.pone.0331650
"Swarnendu Mandal, Swati Chauhan, Umesh Kumar Verma, Manish Dev Shrimali, Kazuyuki Aihara",Adaptive control of dynamical systems using reservoir computing,Chaos: An Interdisciplinary Journal of Nonlinear Science,35,9,#091102,2025/09/01,2025,https://doi.org/10.1063/5.0291585
"Wencan Zhu, Hui Tang, Xiangtian Yu, Hua Chai, Jin Huang, Jie Xu, Tao Zeng, Luonan Chen",Quantifying cellular malignancy by tumor micro-environment measurement with multimodal fusion,iMeta,4,5,e70068,2025/08/30,2025,https://doi.org/10.1002/imt2.70068
"Yusuke Oshima, Yuki Matsumoto, Katsuhiro Ogawa, Kai Tamura, Rena Yagi, Noritaka Fujisawa, Takashi Katagiri, Shun Onishi, Hidefumi Shiroshita, Tsuyoshi Etho, Tsutomu Daa, Satoshi Ieiri, Masafumi Inomata",Label-free diagnostic procedure for hirschsprung's disease to detect intestinal mucosal characteristics of aganglionosis by Raman spectroscopy with optimized decision algorithms,Lasers in Medical Science ,40,1,346,2025/08/29,2025,https://doi.org/10.1007/s10103-025-04579-5
"Youngjune Bhak, Vasilis Raptis, Yunye He, Tomoko Nakanishi, Erin Macdonald-Dunlop, Yoji Sagiya, Takayuki Morisaki, Koichi Matsuda; BioBank Japan Project; Japan COVID-19 Task Force; Akinori Kanai, Yutaka Suzuki, Yoshiya Oda, Yoichiro Kamatani, Ho Namkoong, Ryunosuke Saiki, Akinori Kimura, Ryuji Koike, Seishi Ogawa, Satoru Miyano, Seiya Imoto, Takanori Kanai, Koichi Fukunaga, Yukinori Okada, Anders Malarstig, Albert Tenes",Identification and replication of sex-dimorphic protein quantitative trait loci across multiple ancestries and their associations with diseases,Scientific Reports,15,1,31721,2025/08/28,2025,https://doi.org/10.1038/s41598-025-10031-z
"Xun Shen, Hampei Sasahara, Jun-ichi Imura, Kazuyuki Aihara",Small-Sample-Size Data-Driven Early Disease-Detection and Re-stabilization for mRNA-Protein Gene Regulatory Networks,Proceddings of 2025 American Control Conference (ACC),,,,2025/08/21,2025,https://doi.org/10.23919/ACC63710.2025.11107418
"Kyuto Sonehara, Rei Watanabe, Yutaka Matsumura, Yuichi Mitsui, Yosuke Ogawa, Kaori Odomari, Saori Sakaue, Shinichi Namba, Mariko Komuro, Mio Edamoto, Junya Watanabe, Tomomitsu Hirota, Noriko Arase, Yuumi Nakamura, Kimiko Nakajima, Takashi Okamoto, Rika Nishikawa, Kenichi Yamamoto, Ken Suzuki, Toshihiro Kishikawa, Ryuya Edahiro, Yuya Shirai, Tatsuhiko Naito, Noah Sasa, Yosuke Ishitsuka, Junichi Furuta, Kayo Kunimoto, Ikko Kajihara, Satoshi Fukushima, Hideaki Miyachi, Hiroyuki Matsue, Masahiro Kamata, Mami Momose, Ippei Miyagawa, Hiroaki Tanaka, Masanobu Ueno, Toshinori Bito, Hiroshi Nagai, Tetsuya Ikeda, Tatsuya Horikawa, Atsuko Adachi, Tsukasa Matsubara, Emi Nishida; Biobank Japan Project; Koichi Matsuda, Nobuhiro Shojima, Ikuma Nakagawa, Yoshihide Asano, Shinichi Sato, Shinichi Imafuku, Yayoi Tada, Chikako Nishigori, Masatoshi Jinnin, Hironobu Ihn, Akihiko Asahina, Hidehisa Saeki, Toshimasa Yamauchi, Takashi Kadowaki, Tatsuyoshi Kawamura, Shinji Shimada, Ichiro Katayama, Koichiro Higasa, Emiko Noguchi, Shigetoshi Sano, Yoshiya Tanaka, Fumihiko Matsuda, Atsushi Kumanogoh, Mayumi Tamari, Takashi Satoh, Manabu Fujimoto, Akimichi Morita, Yukinori Okada",Whole-genome sequencing reveals rare and structural variants contributing to psoriasis and identifies CERCAM as a risk gene,Cell Genomics,5,10,100978,2025/08/19,2025,https://doi.org/10.1016/j.xgen.2025.100978
"Peiru Wu, Xuyu Zhao, Zixin Chen, Jingying Huang, Tengteng Dai, Jianxin Zhou, Luyao Xiao, Luonan Chen, Robert Chunhua Zhao, Jiao Wang",Identifying Tipping Points during Healthy Brain Aging through Single-Nucleus Transcriptomic Analysis,Advanced Science,12,41,e05779,2025/08/19,2025,https://doi.org/10.1002/advs.202505779
"Yang, Z., M. Song, X. Jing, H. Zhang, K. Qian, B. Hu, K. Tamada, T. Takumi, B. W. Schuller, and Y. Yamamoto",MADUV: The 1st INTERSPEECH mice autism detection via ultrasound vocalization challenge,Proceedings of INTERSPEECH 2025,,,1718-1722,2025/08/17,2025,https://doi.org/10.21437/Interspeech.2025-127
"Kengo Yonezawa, Shinichiro Nakajima, Nobuaki Hondo, Yohei Ohtani, Kie Nomoto-Takahashi, Taisuke Yatomi, Sota Tomiyama, Nobuhiro Nagai, Keisuke Kusudo, Koki Takahashi, Shiori Honda, Sotaro Moriyama, Takashige Yamada, Shinsuke Koike, Hiroyuki Uchida, Hideaki Tani","The association between amygdalar volume changes and depressive symptom improvements after repeated ketamine infusion in treatment-resistant depression: a double-blind, randomized, placebo-controlled trial with the following open-label study",Journal of Psychiatric Research,190,,400-408,2025/08/14,2025,https://doi.org/10.1016/j.jpsychires.2025.08.017
"Favour Omileke, Tempei Ikegame, Shimon Tonsho, Shunsuke Mori, Eimu Shoji, Masahiro Kiyota, Takuto Minami, Eureka Kumagai, Tatsuro Asai, Kenji Kirihara, Shinsuke Koike, Seiichiro Jinde, Kouhei Kamiya, Osamu Abe, Kiyoto Kasai, Naohiro Okada",The association between plasma betaine level and brain structural changes in schizophrenia,Schizophrenia,11,1,111,2025/08/07,2025,https://doi.org/10.1038/s41537-025-00657-3
"Tao Wu, Ying Tang, Kazuyuki Aihara",Overcoming feature scarcity in complex system prediction: An alternative delay embedding,Chaos: An Interdisciplinary Journal of Nonlinear Science,35,8,#083128,2025/08/01,2025,https://doi.org/10.1063/5.0279303
"Ryuya Edahiro, Go Sato, Tatsuhiko Naito, Yuya Shirai, Ryunosuke Saiki, Kyuto Sonehara, Yoshihiko Tomofuji, Kenichi Yamamoto, Shinichi Namba, Noah Sasa, Genta Nagao, Qingbo S Wang, Yugo Takahashi, Takanori Hasegawa, Toshihiro Kishikawa, Ken Suzuki, Yu-Chen Liu, Daisuke Motooka, Ayako Takuwa, Hiromu Tanaka, Shuhei Azekawa; Japan COVID-19 Task Force; Ho Namkoong, Ryuji Koike, Akinori Kimura, Seiya Imoto, Satoru Miyano, Takanori Kanai, Koichi Fukunaga, Mamoru Uemura, Takayoshi Morita, Yasuhiro Kato, Haruhiko Hirata, Yoshito Takeda, Yuichiro Doki, Hidetoshi Eguchi, Daisuke Okuzaki, Shuhei Sakakibara, Seishi Ogawa, Atsushi Kumanogoh, Yukinori Okada",Deciphering state-dependent immune features from multi-layer omics data at single-cell resolution,Nature Genetics,57,8,1905-1921,2025/07/28,2025,https://doi.org/10.1038/s41588-025-02266-3
"Shizuo Kaji, Hiroki Kawai, Kei Shimbo, Tomoya Maeda, Akira Matsuda, Jinichi Mori",Deep learning-based morphological assessment of myelodysplastic syndrome on bone marrow smears,Leukemia Research,157,,107923,2025/07/28,2025,https://doi.org/10.1016/j.leukres.2025.107923
"Kiyotaka Yamada, Masami Ito, Haruka Nunomura, Takashi Nishigori, Atsushi Furuta, Mihoko Yoshida, Akemi Yamaki, Kanto Shozu, Ippei Yasuda, Sayaka Tsuda, Tomoko Shima, Akitoshi Nakashima","Interplay of Oxidative Stress, Autophagy, and Rubicon in Ovarian Follicle Dynamics: Orchestrating Ovarian Aging",Antioxidants,14,8,919,2025/07/27,2025,https://doi.org/10.3390/antiox14080919
"Daiki Sasabayashi, Hiroko Itoh, Kiyotaka Nemoto, Yuko Higuchi, Yukiko Akasaki, Alana Wickham, Kang Ik K Cho, Ofer Pasternak, Dheshan Mohandass, Ryan Zurrin, Tashrif Billah, Suheyla Cetin-Karayumak, Haruko Kobayashi, Kazumi Sakamoto, Yoichiro Takayanagi, Noa Tsujii, Shinsuke Koike, Yoji Hirano, Kyo Noguchi, Tomiki Sumiyoshi, Michio Suzuki, Tsutomu Takahashi, Marek Kubicki",Saturated fatty acids and white matter microstructure in individuals with at-risk mental state,Schizophrenia Bulletin,,,sbaf089,2025/07/25,2025,https://doi.org/10.1093/schbul/sbaf089
"Takumi Minami, Fuka Nikaido, Yuki Abe, Toshiharu Yasui, Atsushi O. Tokiyasu, Hideki Kohri, Mihai Cuciuc, Ruxandra Borcea, Alexandru N. State, Radu Corbu, Sara R. Ban, Andrei Turturica, Sohichirou Aogaki, Yoshihide Nakamiya, Ovidiu Tesileanu, Domenico Doria, Kentaro Sakai, Shuta J. Tanaka, Hideyuki Suzuki, Satoshi Kodaira, Masato Kanasaki, Yuji Fukuda, Yasuhiro Kuramitsu",Ion velocity vector measurement using stacked CR-39 with the aid of machine learning,Physics of Plasmas,32,7,#073108,2025/07/18,2025,https://doi.org/10.1063/5.0268134
"Deyu Cai, Hong Zhang, Chengming Zhang, Xue Xiao, Xiao Cui, Xuelan Gu, Luonan Chen",Dynamic Network Driver Analysis Identifies Master Factors Associated with Progression of Solar Lentigines,Biology,14,7,876,2025/07/17,2025,https://doi.org/10.3390/biology14070876
"Md Ishtiak Rashid, Junya Sunagawa, Akari Matsuki, Asami Yamada, Toshiki Watanabe, Masako Iwanaga, Ki-Ryang Koh, Takafumi Shichijo, Masao Matsuoka, Jun-Ichirou Yasunaga, Shinji Nakaoka",Machine learning based characterization of high risk carriers of HTLV-1-associated myelopathy (HAM),Scientific Reports,15,1,25111,2025/07/11,2025,https://doi.org/10.1038/s41598-025-09635-2
"Sabrina C Crepaldi, Jiabin Wang, Fumiya Matsumoto, Hiroki Takeuchi, Tatsuhiko Watanabe, Yoshiharu Yamamoto",A Stability- and Aggregation-Based Method for Heart Rate Estimation Using Photoplethysmographic Signals During Physical Activity,Sensors,25,14,4315,2025/07/10,2025,https://doi.org/10.3390/s25144315
"Takara Nishiyama, Fuminari Miura, Yong Dam Jeong, Naotoshi Nakamura, Hyeongki Park, Masahiro Ishikane, Shotaro Yamamoto, Noriko Iwamoto, Michiyo Suzuki, Ayana Sakurai, Kazuyuki Aihara, Koichi Watashi, William S Hart, Robin N Thompson, Yasuhiro Yasutomi, Norio Ohmagari, Placide Mbala Kingebeni, John W Huggins, Shingo Iwami, Phillip R Pittman",Modeling lesion transition dynamics to clinically characterize patients with clade I mpox in the Democratic Republic of the Congo,Science Translational Medicine,17,805,eads4773,2025/07/02,2025,https://doi.org/10.1126/scitranslmed.ads4773
"Yuto Saito, Hampei Sasahara, Jun-ichi Imura",Dynamical network markers for heterogeneous hierarchical networks,Scientific Reports,15,1,21177,2025/07/01,2025,https://doi.org/10.1038/s41598-025-08338-y
"Naoki Masuda, Zachary M Boyd, Diego Garlaschelli, Peter J Mucha",Introduction to correlation networks: Interdisciplinary approaches beyond thresholding,Physics Reports,1136,,1-39,2025/06/30,2025,https://doi.org/10.1016/j.physrep.2025.06.002
"Xinzhe Huang, Luonan Chen, Xiaoping Liu",Constructing Cell-Specific Causal Networks of Individual Cells for Depicting Dynamical Biological Processes,Research,8,,#0743,2025/06/27,2025,https://doi.org/10.34133/research.0743
"Alber Aqil, Yanyan Li, Zhiliang Wang, Saiful Islam, Madison Russell, Theodora Kunovac Kallak, Marie Saitou, Omer Gokcumen, Naoki Masuda",Switch-like gene expression modulates disease risk,Nature Communications,16,1,5323,2025/06/18,2025,https://doi.org/10.1038/s41467-025-60513-x
"Hiroshi Shimagami, Kei Nishimura, Hiroaki Matsushita, Shoichi Metsugi, Yasuhiro Kato, Takahiro Kawasaki, Kohei Tsujimoto, Ryuya Edahiro, Eri Itotagawa, Maiko Naito, Shoji Kawada, Daisuke Nakatsubo, Kazuki Matsukawa, Tomoko Namba-Hamano, Kazunori Inoue, Atsushi Takahashi, Masayuki Mizui, Seiya Kato, Hayato Hikita, Shigeaki Nakazawa, Yoichi Kakuta, Hachiro Konaka, Kensuke Mitsumoto, Nachi Ishikawa, Jun Fujimoto, Shinji Higa, Ryusuke Omiya, Yoshitaka Isaka, Tetsuo Takehara, Norio Nonomura, Yukinori Okada, Kunihiro Hattori, Masashi Narazaki, Atsushi Kumanogoh, Masayuki Nishide",Single-cell analysis reveals immune cell abnormalities underlying the clinical heterogeneity of patients with systemic sclerosis,Nature Communications,16,1,4949,2025/06/17,2025,https://doi.org/10.1038/s41467-025-60034-7
"Chunman Zuo, Junjie Xia, Yupeng Xu, Ying Xu, Pingting Gao, Jing Zhang, Yan Wang, Luonan Chen",stClinic dissects clinically relevant niches by integrating spatial multi-slice multi-omics data in dynamic graphs,Nature Communications,16,1,5317,2025/06/16,2025,https://doi.org/10.1038/s41467-025-60575-x
"Takamitsu Watanabe, Hidenori Yamasue",Noninvasive reduction of neural rigidity alters autistic behaviors in humans,Nature Neuroscience,28,6,1348-1360,2025/06/06,2025,https://doi.org/10.1038/s41593-025-01961-y
"Lucas Lacasa, F. Javier Mar\'{i}n-Rodr\'{i}guez, \underline{Naoki Masuda}, Llu\'{i}s Arola-Fern\'{a}ndez",Scalar embedding of temporal network trajectories,"Chaos, Solitons and Fractals",199,,116599,2025/06/04,2025,https://doi.org/10.1016/j.chaos.2025.116599
"Soorya Pp, Biswambhar Rakshit, Kazuyuki Aihara",Robust oscillatory dynamics in a mixed population of excitable and self-oscillatory Izhikevich neurons: Influence of second-order linear and nonlinear interactions,Chaos: An Interdisciplinary Journal of Nonlinear Science,35,6,#061105,2025/06/01,2025,https://doi.org/10.1063/5.0274541
"Kohei Morimoto, Kenji Kashima",Linear System Identification from Snapshot Data by Schrödinger Bridge,Proceedings of Machine Learning Research,283,,579-590,2025/06/01,2025,https://proceedings.mlr.press/v283/morimoto25a.html
"Nina Sviridova, Ayane Mine ",Contact Imaging Photoplethysmography: Effect of Channel Choice on Dynamical Properties Stability,Lecture Notes in Computer Science,15774,,104-119,2025/05/25,2025,https://doi.org/10.1007/978-3-031-93822-1_9
"Takuya Nara, Haruko Takahashi, Akinori Awazu, Yutaka Kikuchi",Extrinsic heterogeneity: Collectivity in isotropic conformational fluctuations of chromosomes,Biophysical Journal,124,13,2195-2208,2025/05/21,2025,https://doi.org/10.1016/j.bpj.2025.05.020
"Yuanxiang Zhang, Saori Sakaue, Sam Morris, Mariaelisa Graff; Biobank Japan Project; Kenichi Yamamoto, Zhengming Chen, Liming Li, Matthew C Keller, Michael E Goddard, Robin G Walters, Yukinori Okada, Peter M Visscher, Loic Yengo",The contribution of gametic phase disequilibrium to the heritability of complex traits,Nature Genetics,57,6,1418-1425,2025/05/19,2025,https://doi.org/10.1038/s41588-025-02192-4
"Takamitsu Watanabe, Katsuma Inoue, Yasuo Kuniyoshi, Kohei Nakajima, Kazuyuki Aihara",Comparison of Large Language Model with Aphasia,Advanced Science,12,22,e2414016,2025/05/14,2025,https://doi.org/10.1002/advs.202414016
"Naoki Masuda, Saiful Islam, Si Thu Aung, Takamitsu Watanabe",Energy landscape analysis based on the Ising model: Tutorial review,PLOS Complex Systems,2,5,e0000039,2025/05/09,2025,https://doi.org/10.1371/journal.pcsy.0000039
"Chunman Zuo, Junchao Zhu, Jiawei Zou, Luonan Chen",Unravelling tumour spatiotemporal heterogeneity using spatial multimodal data,Clinical and Translational Medicine,15,5,e70331,2025/05/07,2025,https://doi.org/10.1002/ctm2.70331
"Mingqi Jiao, Jiarui Li, Bingxu Zhong, Siyuan Du, Shuning Li, Manfei Zhang, Qibin Zhang, Zhongming Liang, Fan Liu, Chunman Zuo, Sijia Wang, Luonan Chen",De Novo Reconstruction of 3D Human Facial Images from DNA Sequence,Advanced Science,12,29,e2414507,2025/05/07,2025,https://doi.org/10.1002/advs.202414507
"Yugo Takahashi, Qingbo S Wang, Takanori Hasegawa, Ho Namkoong, Fumitaka Inoue, Koichi Fukunaga, Seiya Imoto, Satoru Miyano, Yukinori Okada, Japan COVID-19 Task Force",JOB: Japan Omics Browser provides integrative visualization of multi-omics data,BMC Genomics,26,1,451,2025/05/07,2025,https://doi.org/10.1186/s12864-025-11639-1
"Neil G MacLaren, Kazuyuki Aihara, Naoki Masuda",Applicability of spatial early warning signals to complex network dynamics,Journal of The Royal Society Interface,22,226,20240696,2025/05/07,2025,https://doi.org/10.1098/rsif.2024.0696
"Heewon Park, Qingbo S Wang, Takanori Hasegawa, Ho Namkoong, Hiroko Tanaka, Ryuji Koike, Yuko Kitagawa, Akinori Kimura, Seiya Imoto, Takanori Kanai, Koichi Fukunaga, Seishi Ogawa, Yukinori Okada, Satoru Miyano",Unraveling the COVID-19 Severity Hubs and Interplays in Inflammatory-Related RNA-Protein Networks,International Journal of Molecular Sciences,26,9,4412,2025/05/06,2025,https://doi.org/10.3390/ijms26094412
"Ryo Ito, Makito Oku, Iwao Kimura, Takayuki Haruki, Masataka Shikata, Tsuyoshi Teramoto, Daisuke Chujo, Minoru Iwata, Shiho Fujisaka, Yoshiki Nagata, Takashi Yamagami, Makoto Kadowaki, Kazuyuki Tobe, Shigeru Saito, and Keiichi Ueda",Energy Landscape Analysis of Health Checkup Data Clarified Multiple Pathways to Diabetes Development in Obese and Non-obese Subjects,Frontiers in Endocrinology,16,,1576431,2025/05/06,2025,https://doi.org/10.3389/fendo.2025.1576431
"Moeka Nobe, Yuhei Maruzuru, Kosuke Takeshima, Fumio Maeda, Hideo Kusano, Raiki Yoshimura, Takara Nishiyama, Hyeongki Park, Yoshitaka Kozaki, Shingo Iwami, Naoto Koyanagi, Akihisa Kato, Tohru Natsume, Shungo Adachi, Yasushi Kawaguchi",Direct relationship between protein expression and progeny yield of herpes simplex virus 1,mBio,16,6,e0028025,2025/05/05,2025,https://doi.org/10.1128/mbio.00280-25
田中 剛平,リザバーコンピューティングの発展とエッジAIへの活用,人工知能,40,3,353-360,2025/05/01,2025,https://doi.org/10.11517/jjsai.40.3_353
"Yutaka Sawai, Riki Tanaka, Rin Minami, Daiki Nagaoka, Akito Uno, Ayako Okuma, Syudo Yamasaki, Mitsuhiro Miyashita, Atsushi Nishida, Kiyoto Kasai, Shuntaro Ando",Predictors of psychotic experiences among adolescents with obsessive-compulsive symptoms: A data-driven machine learning approach,Psychiatry and Clinical Neurosciences Reports,4,2,e70103,2025/05/01,2025,https://doi.org/10.1002/pcn5.70103
"Shoya Iwanami, Toshiko Sato, Hiroshi Haeno, Longchen Xu, Keimyo Imamura, Jun Ooehara, Xun Lan, Hiromitsu Nakauchi, Shingo Iwami, Ryo Yamamoto",Stable platelet production via the bypass pathway explains long-term hematopoietic stem cell reconstitution,iScience,28,6,112547,2025/04/29,2025,https://doi.org/10.1016/j.isci.2025.112547
"Yohei Ohtani, Hideaki Tani, Shiori Honda, Kie Nomoto-Takahashi, Taisuke Yatomi, Kengo Yonezawa, Sota Tomiyama, Nobuhiro Nagai, Keisuke Kusudo, Sotaro Moriyama, Yoshihiro Noda, Shinsuke Koike, Richard A E Edden, Hiroyuki Uchida, Shinichiro Nakajima","Glutamate plus glutamine to GABA ratio as a predictor of ketamine response in treatment-resistant depression: A double-blind, randomized, open-label extension study",Journal of Affective Disorders,383,,354-362,2025/04/29,2025,https://doi.org/10.1016/j.jad.2025.04.165
"Yuji Yamamoto, Yuya Shirai, Kyuto Sonehara, Shinichi Namba, Takafumi Ojima, Kenichi Yamamoto, Ryuya Edahiro, Ken Suzuki, Akinori Kanai; BioBank Japan Project; Yoshiya Oda, Yutaka Suzuki, Takayuki Morisaki, Akira Narita, Yoshito Takeda, Gen Tamiya, Masayuki Yamamoto, Koichi Matsuda, Atsushi Kumanogoh, Toshimasa Yamauchi, Takashi Kadowaki, Yukinori Okada",Dissecting cross-population polygenic heterogeneity across respiratory and cardiometabolic diseases,Nature Communications,16,1,3765,2025/04/28,2025,https://doi.org/10.1038/s41467-025-58149-y
"Pei Chen, Yaofang Suo, Kazuyuki Aihara, Ye Li, Dan Wu, Rui Liu, and Luonan Chen",Ultralow-Dimensionality Reduction for Identifying Critical Transitions by Spatial-Temporal PCA,Advanced Science,12,20,2408173,2025/04/25,2025,https://doi.org/10.1002/advs.202408173
"Masayuki Nishide, Kei Nishimura, Hiroaki Matsushita, Shoji Kawada, Hiroshi Shimagami, Shoichi Metsugi, Yasuhiro Kato, Takahiro Kawasaki, Kohei Tsujimoto, Ryuya Edahiro, Yuya Shirai, Eri Itotagawa, Maiko Naito, Yuji Yamamoto, Kazuki Matsukawa, Ryusuke Omiya, Yukinori Okada, Kunihiro Hattori, Masashi Narazaki, Atsushi Kumanogoh",Neutrophil single-cell analysis identifies a type II interferon-related subset for predicting relapse of autoimmune small vessel vasculitis,Nature Communications,16,1,3581,2025/04/24,2025,https://doi.org/10.1038/s41467-025-58550-7
"Chanon Thongprayoon, Naoki Masuda",Spline tie-decay temporal networks,Journal of Computational Science,88,,102591,2025/04/21,2025,https://doi.org/10.1016/j.jocs.2025.102591
"Masahiro Nakano, Shizuo Kaji, Shogo Kawakami, Hideyasu Tsumura, Toshikazu Imae, Yuichi Tanaka, Kyohei Fujii, Takuro Kainuma, Ryosuke Yamazaki, Ayaka Uchida, Hijiri Kaneko, Mako Fujino, Chizu Hata, Yu Murakami, Masatoshi Hashimoto, Hiromichi Ishiyama",Dosiomic predictors of biochemical failure in patients with localized prostate cancer treated with Iodine-125 low-dose-rate brachytherapy,Radiation Oncology,20,1,56,2025/04/16,2025,https://doi.org/10.1186/s13014-025-02619-6
"Kiyotaka Yamada, Masami Ito, Haruka Nunomura, Takashi Nishigori, Atsushi Furuta, Mihoko Yoshida, Akemi Yamaki, Tomoko Nakamura, Akira Iwase, Tomoko Shima, Akitoshi Nakashima","Rubicon, a Key Molecule for Oxidative Stress-Mediated DNA Damage, in Ovarian Granulosa Cells",Antioxidants,14,4,470,2025/04/15,2025,https://doi.org/10.3390/antiox14040470
"Yuji Okamoto, Ryosuke Kojima",Learning deep dissipative dynamics,Proceedings of the AAAI Conference on Artificial Intelligence,39,18,19749-19757,2025/04/11,2025,https://doi.org/10.1609/aaai.v39i18.34175
"Naoki Hashimoto, Naohiro Okada, Masaki Fukunaga, Kiyotaka Nemoto, Kenichiro Miura, Junya Matsumoto, Shuhei Ishikawa, Hisashi Narita, Kentaro Morita, Yuka Yasuda, Toshiharu Kamishikiryo, Kenichiro Harada, Maeri Yamamoto, Kazutaka Ohi, Toshio Matsubara, Yoji Hirano, Go Okada, Khin K. Tha, Osamu Abe, Toshiaki Onitsuka, Yasuhiro Kawasaki, Norio Ozaki, Kiyoto Kasai, Ryota Hashimoto, COCORO",Lithium and valproate affect subcortical brain volumes in individuals with bipolar disorder: Mega-analysis of 235 individuals,Journal of Affective Disorders,381,,115-120,2025/04/04,2025,https://doi.org/10.1016/j.jad.2025.04.019
"Hiroshi Tsuneki, Takahiro Maeda, Mayumi Takatsuki, Takahiro Sekine, Satsuki Masui, Kengo Onishi, Ryuta Takeda, Masanori Sugiyama, Takeshi Sakurai, Masashi Yanagisawa, Tsutomu Wada, Toshiyasu Sasaoka",Bromocriptine improves glucose tolerance in obese mice via central dopamine D2 receptor-independent mechanism,PLoS ONE,20,3,e0320157,2025/03/26,2025,https://doi.org/10.1371/journal.pone.0320157
"Keisuke Yaku, Sailesh Palikhe, Tooba Iqbal, Faisal Hayat, Yoshiyuki Watanabe, Shiho Fujisaka, Hironori Izumi, Tomoyuki Yoshida, Mariam Karim, Hitoshi Uchida, Allah Nawaz, Kazuyuki Tobe, Hisashi Mori, Marie E Migaud, Takashi Nakagawa",Nicotinamide riboside and nicotinamide mononucleotide facilitate NAD+ synthesis via enterohepatic circulation,Science Advances,11,12,eadr1538,2025/03/21,2025,https://doi.org/10.1126/sciadv.adr1538
"Yusuke Oshima, Akinori Taketani, Shota Yonezawa, Takayuki Haruki, Akinori Wada, Tsutomu Sato, Keiichi Koizumi",Characterization of bone marrow cells for prognosis prediction of multiple myeloma using Raman spectroscopy with optimal discriminant model,Proceedings of SPIE,13311,,1331102,2025/03/20,2025,https://doi.org/10.1117/12.3046725
"Shoki Yashiki, Katsuhiro Ogawa, Hidefumi Shiroshita, Masafumi Inomata, Takashi Katagiri, Yusuke Oshima",In vitro and in vivo analysis in NIR-PDD combining multiphoton excitation and 5-ALA,Proceedings of SPIE,13299,,1329903,2025/03/19,2025,https://doi.org/10.1117/12.3045327
"Kousei Honda, Akinori Awazu",Potential multiple disease progression pathways in female patients with Alzheimer’s disease inferred from transcriptome and epigenome data of the dorsolateral prefrontal cortex,PLoS ONE,20,3,e0313733,2025/03/18,2025,https://doi.org/10.1371/journal.pone.0313733
"Kazutaka Akagi, Ying-Jie Jin, Keiichi Koizumi, Makito Oku, Kaisei Ito, Xun Shen, Jun-ichi Imura, Kazuyuki Aihara, Shigeru Saito","Integration of dynamical network biomarkers, control theory and Drosophila model identifies Vasa/DDX4 as the potential therapeutic targets for metabolic syndrome",Cells,14,6,415,2025/03/12,2025,https://doi.org/10.3390/cells14060415
"Tempei Kabayama, Yasuo Kuniyoshi, Kazuyuki Aihara, Kohei Nakajima",Designing chaotic attractors: A semisupervised approach,Physical Review E,111,,#034207,2025/03/11,2025,https://doi.org/10.1103/PhysRevE.111.034207
"Lu Wang, Lequn Wang, Luonan Chen ",NetNiche: Microbe-Metabolite Network Reconstruction and Microbial Niche Analysis,Phenomics,5,2,208-211,2025/03/07,2025,https://doi.org/10.1007/s43657-024-00168-8
"Jeroen S. W. Lamb, Giuseppe Tenaglia, Dmitry Turaev ",Horseshoes for a Class of Nonuniformly Expanding Random Circle Maps,Annales Henri Poincaré,,,,2025/03/05,2025,https://doi.org/10.1007/s00023-025-01555-1
"Kyuto Sonehara, Yoshifumi Uwamino, Ryunosuke Saiki, Masaru Takeshita, Shinichi Namba, Shunsuke Uno, Tomoko Nakanishi, Tomoyasu Nishimura, Tatsuhiko Naito, Go Sato, Masahiro Kanai, Aoxing Liu, Sho Uchida, Toshinobu Kurafuji, Akiko Tanabe, Tomoko Arai, Akemi Ohno, Ayako Shibata, Shiho Tanaka, Masatoshi Wakui, Shoko Kashimura, Chiharu Tomi, Akemi Hara, Shiori Yoshikawa, Keiko Gotanda, Kana Misawa, Hiromu Tanaka, Shuhei Azekawa, Qingbo S Wang, Ryuya Edahiro, Yuya Shirai, Kenichi Yamamoto, Genta Nagao, Takuo Suzuki, Masato Kiyoshi, Akiko Ishii-Watabe, Shinichi Higashiue, Shuzo Kobayashi, Hiroki Yamaguchi, Yasushi Okazaki, Naoyuki Matsumoto, Akihide Masumoto, Hidenobu Koga, Akinori Kanai; Japan COVID-19 Task Force; Biobank Japan Project; Yoshiya Oda, Yutaka Suzuki, Koichi Matsuda, Yuko Kitagawa, Ryuji Koike, Akinori Kimura, Atsushi Kumanogoh, Akihiko Yoshimura, Seiya Imoto, Satoru Miyano, Takanori Kanai, Koichi Fukunaga, Naoki Hasegawa, Mitsuru Murata, Hiromichi Matsushita, Seishi Ogawa, Yukinori Okada, Ho Namkoong",Germline variants and mosaic chromosomal alterations affect COVID-19 vaccine immunogenicity,Cell Genomics,5,3,100783,2025/03/04,2025,https://doi.org/10.1016/j.xgen.2025.100783
"Hiroyuki Kitajima, Kentaro Takeda, Makoto Ishizawa, Kazuyuki Aihara, Tetsuo Minamino",Detection of atrial fibrillation from pulse waves using convolution neural networks and recurrence-based plots,Chaos,35,3,33137,2025/03/01,2025,https://doi.org/10.1063/5.0212068
"Yuji Takahara, Yuto Kashiwagi, Tomoki Tokuda, Junichiro Yoshimoto, Yuki Sakai, Ayumu Yamashita, Toshinori Yoshioka, Hidehiko Takahashi, Hiroto Mizuta, Kiyoto Kasai, Akira Kunimitsu, Naohiro Okada, Eri Itai, Hotaka Shinzato, Satoshi Yokoyama, Yoshikazu Masuda, Yuki Mitsuyama, Go Okada, Yasumasa Okamoto, Takashi Itahashi, Haruhisa Ohta, Ryu-Ichiro Hashimoto, Kenichiro Harada, Hirotaka Yamagata, Toshio Matsubara, Koji Matsuo, Saori C Tanaka, Hiroshi Imamizu, Koichi Ogawa, Sotaro Momosaki, Mitsuo Kawato, Okito Yamashita",Comprehensive evaluation of pipelines for classification of psychiatric disorders using multi-site resting-state fMRI datasets,Neural Networks,187,,107335,2025/02/28,2025,https://doi.org/10.1016/j.neunet.2025.107335
"Shinsuke Koike, Saori C Tanaka, Takuya Hayashi",Beyond case-control study in neuroimaging for psychiatric disorders: Harmonizing and utilizing the brain images from multiple sites,Neuroscience & Biobehavioral Reviews,171,,106063,2025/02/26,2025,https://doi.org/10.1016/j.neubiorev.2025.106063
"Yuka Yasuda, Satsuki Ito, Junya Matsumoto, Naohiro Okada, Toshiaki Onitsuka, Masashi Ikeda, Itaru Kushima, Chika Sumiyoshi, Masaki Fukunaga, Kiyotaka Nemoto, Kenichiro Miura, Naoki Hashimoto, Kazutaka Ohi, Tsutomu Takahashi, Daiki Sasabayashi, Michihiko Koeda, Hidenaga Yamamori, Michiko Fujimoto, Harumasa Takano, Naomi Hasegawa, Hisashi Narita, Maeri Yamamoto, Khin Khin Tha, Masataka Kikuchi, Toshiharu Kamishikiryo, Eri Itai, Yoshiro Okubo, Amane Tateno, Motoaki Nakamura, Manabu Kubota, Hiroyuki Igarashi, Yoji Hirano, Go Okada, Jun Miyata, Shusuke Numata, Osamu Abe, Reiji Yoshimura, Shin Nakagawa, Hidenori Yamasue, Norio Ozaki, Kiyoto Kasai, Ryota Hashimoto",Proposal for a Novel Classification of Patients With Enlarged Ventricles and Cognitive Impairment Based on Data-Driven Analysis of Neuroimaging Results in Patients With Psychiatric Disorders,Neuropsychopharmacology Reports,45,1,e70010,2025/02/26,2025,https://doi.org/10.1002/npr2.70010
"Akinori Taketani, Shota Koshiyama, Takayuki Haruki, Shota Yonezawa, Jun Tahara, Moe Yamazaki, Yusuke Oshima, Akinori Wada, Tsutomu Sato, Keiichi Koizumi, Isao Kitajima, Shigeru Saito",Identification of the Cellular Tipping Point in the Inflammation Model of LPS-Induced RAW264.7 Macrophages Through Raman Spectroscopy and the Dynamical Network Biomarker Theory,Molecules,30,4,920,2025/02/17,2025,https://doi.org/10.3390/molecules30040920
"Tomohiro Yata, Go Sato, Kotaro Ogawa, Tatsuhiko Naito, Kyuto Sonehara, Ryunosuke Saiki, Ryuya Edahiro, Shinichi Namba, Mitsuru Watanabe, Yuya Shirai, Kenichi Yamamoto, Ho NamKoong, Tomoko Nakanishi, Yuji Yamamoto, Akiko Hosokawa, Mamoru Yamamoto; Japan MS/NMOSD biobank; BioBank Japan Project; Japan COVID-19 Task Force; Eri Oguro-Igashira, Takuro Nii, Yuichi Maeda, Kimiko Nakajima, Rika Nishikawa, Hiroaki Tanaka, Shingo Nakayamada, Koichi Matsuda, Chikako Nishigori, Shigetoshi Sano, Makoto Kinoshita, Ryuji Koike, Akinori Kimura, Seiya Imoto, Satoru Miyano, Koichi Fukunaga, Masahito Mihara, Yuko Shimizu, Izumi Kawachi, Katsuichi Miyamoto, Yoshiya Tanaka, Atsushi Kumanogoh, Masaaki Niino, Yuji Nakatsuji, Seishi Ogawa, Takuya Matsushita, Jun-Ichi Kira, Hideki Mochizuki, Noriko Isobe, Tatsusada Okuno, Yukinori Okada",Contribution of germline and somatic mutations to risk of neuromyelitis optica spectrum disorder,Cell Genomics,5,3,100776,2025/02/17,2025,https://doi.org/10.1016/j.xgen.2025.100776
"Yuna Kotsubo, Akane Hara, Rena Hayashi, Yoh Iwasa",Age-dependence of food allergy due to decreased supply of naïve T cells,Journal of Theoretical Biology,602-603,,112060,2025/02/08,2025,https://doi.org/10.1016/j.jtbi.2025.112060
"Yurun Lu, Dan Liu, Zhongming Liang, Rui Liu, Pei Chen, Yitong Liu, Jiachen Li, Zhanying Feng, Lei M Li, Bin Sheng, Weiping Jia, Luonan Chen, Huating Li, Yong Wang",A pretrained transformer model for decoding individual glucose dynamics from continuous glucose monitoring data,National Science Review,12,5,nwaf039,2025/02/08,2025,https://doi.org/10.1093/nsr/nwaf039
"Koki Takahashi, Yoshihiro Noda, Nobuaki Hondo, Shuhei Shibukawa, Koji Kamagata, Masataka Wada, Shiori Honda, Saki Homma, Amaki Tsukazaki, Sakiko Tsugawa, Yui Tobari, Sotaro Moriyama, Keita Taniguchi, Shinsuke Koike, Clifford Cassidy, Masaru Mimura, Hiroyuki Uchida, Shinichiro Nakajima",Abnormal neuritic microstructures in the anterior limb of internal capsules in treatment-resistant depression-a cross-sectional NODDI study,Journal of Psychiatric Research,183,,93-99,2025/02/07,2025,https://doi.org/10.1016/j.jpsychires.2025.02.007
"Ken Murakami, Keita Iida, Mariko Okada",An Attention-Based Deep Neural Network Model to Detect Cis-Regulatory Elements at the Single-Cell Level From Multi-Omics Data,Genes to Cells,20,2,e70000,2025/02/04,2025,https://doi.org/10.1111/gtc.70000
"Guiyang Lv, Ping Zhu, Feiyan Chen, Kazuyuki Aihara, Guoguang He",Brain dynamics simulation of schizophrenia with chaotic neural networks,Neurocomputing,626,,129585,2025/02/03,2025,https://doi.org/10.1016/j.neucom.2025.129585
"Noah Sasa, Toshihiro Kishikawa, Masashi Mori, Rie Ito, Yumie Mizoro, Masami Suzuki, Hirotaka Eguchi, Hidenori Tanaka, Takahito Fukusumi, Motoyuki Suzuki, Yukinori Takenaka, Keisuke Nimura, Yukinori Okada, Hidenori Inohara",Intratumor heterogeneity of HPV integration in HPV-associated head and neck cancer,Nature Communications,16,1,1052,2025/01/26,2025,https://doi.org/10.1038/s41467-025-56150-z
"Jiangyong Wei, Bin Zhang, Qiu Wang, Tianshou Zhou, Tianhai Tian, Luonan Chen",Diffusive topology preserving manifold distances for single-cell data analysis,Proceedings of the National Academy of Sciences of the United States of America,122,4,e2404860121,2025/01/24,2025,https://doi.org/10.1073/pnas.2404860121
"Ibuki Matsumoto, Sou Nobukawa, Takashi Kanamaru, Yusuke Sakemi, Nina Sviridova, Tomoki Kurikawa, Nobuhiko Wagatsuma, Kazuyuki Aihara",Neural activity responsiveness by maturation of inhibition underlying critical period plasticity,Frontiers in Neural Circuits,18,,1519704,2025/01/22,2025,https://doi.org/10.3389/fncir.2024.1519704
"Harrison Hartle, Naoki Masuda",Autocorrelation properties of temporal networks governed by dynamic node variables,Physical Review Research,7,,#013083,2025/01/22,2025,https://doi.org/10.1103/PhysRevResearch.7.013083
"Caitlin Guccione, Lucas Patel, Yoshihiko Tomofuji, Daniel McDonald, Antonio Gonzalez, Gregory D Sepich-Poore, Kyuto Sonehara, Mohsen Zakeri, Yang Chen, Amanda Hazel Dilmore, Neil Damle, Sergio E Baranzini, George Hightower, Teruaki Nakatsuji, Richard L Gallo, Ben Langmead, Yukinori Okada, Kit Curtius, Rob Knight",Incomplete human reference genomes can drive false sex biases and expose patient-identifying information in metagenomic data,Nature Communications,16,1,825,2025/01/18,2025,https://doi.org/10.1038/s41467-025-56077-5
"Nguyen Quynh Phuong, Muhammad Bilal, Allah Nawaz, Le Duc Anh, Memoona, Muhammad Rahil Aslam, Sana Khalid, Tomonobu Kado, Yoshiyuki Watanabe, Ayumi Nishimura, Yoshiko Igarashi, Keisuke Okabe, Kenichi Hirabayashi, Seiji Yamamoto, Takashi Nakagawa, Hisashi Mori, Isao Usui, Shiho Fujisaka, Ryuji Hayashi, Kazuyuki Tobe",Role of transforming growth factor-β1 in regulating adipocyte progenitors,Scientific Reports,15,1,941,2025/01/17,2025,https://doi.org/10.1038/s41598-024-81917-7
"Kwang Su Kim, Masashi Iwamoto, Kosaku Kitagawa, Hyeongki Park, Sanae Hayashi, Senko Tsukuda, Takeshi Matsui, Masanori Atsukawa, Kentaro Matsuura, Natthaya Chuaypen, Pisit Tangkijvanich, Lena Allweiss, Takara Nishiyama, Naotoshi Nakamura, Yasuhisa Fujita, Eiryo Kawakami, Shinji Nakaoka, Masamichi Muramatsu, Kazuyuki Aihara, Takaji Wakita, Alan S Perelson, Maura Dandri, Koichi Watashi, Shingo Iwami, Yasuhito Tanaka",Prediction of cccDNA dynamics in hepatitis B patients by a combination of serum surrogate markers,PLOS Computational Biology,21,1,e1012615,2025/01/09,2025,https://doi.org/10.1371/journal.pcbi.1012615
"Noah Sasa, Shohei Kojima, Rie Koide, Takanori Hasegawa, Ho Namkoong, Tomomitsu Hirota, Rei Watanabe, Yuumi Nakamura, Eri Oguro-Igashira, Kotaro Ogawa, Tomohiro Yata, Kyuto Sonehara, Kenichi Yamamoto, Toshihiro Kishikawa, Saori Sakaue, Ryuya Edahiro, Yuya Shirai, Yuichi Maeda, Takuro Nii, Shotaro Chubachi, Hiromu Tanaka, Haruka Yabukami, Akari Suzuki, Kimiko Nakajima, Noriko Arase, Takashi Okamoto, Rika Nishikawa, Shinichi Namba, Tatsuhiko Naito, Ippei Miyagawa, Hiroaki Tanaka, Masanobu Ueno, Yosuke Ishitsuka, Junichi Furuta, Kayo Kunimoto, Ikko Kajihara, Satoshi Fukushima, Hideaki Miyachi, Hiroyuki Matsue, Masahiro Kamata, Mami Momose, Toshinori Bito, Hiroshi Nagai, Tetsuya Ikeda, Tatsuya Horikawa, Atsuko Adachi, Tsukasa Matsubara, Kyoko Ikumi, Emi Nishida, Ikuma Nakagawa, Mayu Yagita-Sakamaki, Maiko Yoshimura, Shiro Ohshima, Makoto Kinoshita, Satoru Ito, Toru Arai, Masaki Hirose, Yoshinori Tanino, Takefumi Nikaido, Toshio Ichiwata, Shinya Ohkouchi, Taizou Hirano, Toshinori Takada, Ryushi Tazawa, Konosuke Morimoto, Masahiro Takaki, Satoshi Konno, Masaru Suzuki, Keisuke Tomii, Atsushi Nakagawa, Tomohiro Handa, Kiminobu Tanizawa, Haruyuki Ishii, Manabu Ishida, Toshiyuki Kato, Naoya Takeda, Koshi Yokomura, Takashi Matsui, Akifumi Uchida, Hiromasa Inoue, Kazuyoshi Imaizumi, Yasuhiro Goto, Hiroshi Kida, Tomoyuki Fujisawa, Takafumi Suda, Takashi Yamada, Yasuomi Satake, Hidenori Ibata, Mika Saigusa, Toshihiro Shirai, Nobuyuki Hizawa, Koh Nakata; Japan COVID-19 Task Force; Shinichi Imafuku, Yayoi Tada, Yoshihide Asano, Shinichi Sato, Chikako Nishigori, Masatoshi Jinnin, Hironobu Ihn, Akihiko Asahina, Hidehisa Saeki, Tatsuyoshi Kawamura, Shinji Shimada, Ichiro Katayama, Hannah M Poisner, Taralynn M Mack, Alexander G Bick, Koichiro Higasa, Tatsusada Okuno, Hideki Mochizuki, Makoto Ishii, Ryuji Koike, Akinori Kimura, Emiko Noguchi, Shigetoshi Sano, Hidenori Inohara, Manabu Fujimoto, Yoshikazu Inoue, Etsuro Yamaguchi, Seishi Ogawa, Takanori Kanai, Akimichi Morita, Fumihiko Matsuda, Mayumi Tamari, Atsushi Kumanogoh, Yoshiya Tanaka, Koichiro Ohmura, Koichi Fukunaga, Seiya Imoto, Satoru Miyano, Nicholas F Parrish, Yukinori Okada",Blood DNA virome associates with autoimmune diseases and COVID-19,Nature Genetics,57,1,65-79,2025/01/03,2025,https://doi.org/10.1038/s41588-024-02022-z
"Yong Dam Jeong, Keisuke Ejima, Kwang Su Kim, Shoya Iwanami, William S Hart, Robin N Thompson, Il Hyo Jung, Shingo Iwami, Marco Ajelli, Kazuyuki Aihara",A modeling study to define guidelines for antigen screening in schools and workplaces to mitigate COVID-19 outbreaks,Communications Medicine,5,,2,2025/01/03,2025,https://doi.org/10.1038/s43856-024-00716-3
"Amit Sharma, Biswambhar Rakshit, Kazuyuki Aihara",Aging in a weighted ensemble of excitable and self-oscillatory neurons: The role of pairwise and higher-order interactions,Chaos,35,2,#011101,2025/01/03,2025,https://doi.org/10.1063/5.0247769
"須賀 悠仁, 井上 正樹, 小野木 康弘",健康・疾病状態のエネルギー地形解析と最適輸送理論を利用した介入,自動制御連合講演会講演論文集,67,,473-477,2024/12/27,2024,https://doi.org/10.11511/jacc.67.0_473
"石原峻, 中茎隆, 井村順一",反積分フィードバック制御系のDNB解析,自動制御連合講演会講演論文集,67,,467-472,2024/12/27,2024,https://doi.org/10.11511/jacc.67.0_467
"Zehui Guo, Tomohisa Hayakawa",Two-Agent Noncooperative Dynamical Systems With Quadratic Vector-Valued Payoff Functions and Weak Pareto Improvement,IEEE Control Systems Letters,8,,3327-3332,2024/12/25,2024,https://doi.org/10.1109/LCSYS.2024.3522596
"Qi Zhao, Tianjun Zhou, Lin Li, Guofan Hong, Luonan Chen",MTIOT: identifying HPV subtypes from multiple infection data,Computational and Structural Biotechnology Journal,27,,149-159,2024/12/16,2024,https://doi.org/10.1016/j.csbj.2024.12.005
"Kosuke Hashimoto, Shota Yonezawa, Takayuki Haruki, Keiichi Koizumi, Yusuke Oshima, Isao Kitajima, Hidetoshi Sato, Shigeru Saito",Identifying the crucial tipping point in the maturation process of cultured neurons using Raman spectroscopy and a dynamic network biomarker (DNB) analysis,Biochemical and Biophysical Research Communications,743,,151167,2024/12/12,2024,https://doi.org/10.1016/j.bbrc.2024.151167
"Hao Peng, Pei Chen, Na Yang, Kazuyuki Aihara, Rui Liu, Luonan Chen",One-core neuron deep learning for time series prediction,National Science Review,12,2,nwae441,2024/12/09,2024,https://doi.org/10.1093/nsr/nwae441
"Chi Tian, Yuntian Zhang, Yihan Tong, Kian Hong Kock, Donald Yuhui Sim, Fei Liu, Jiaqi Dong, Zhixuan Jing, Wenjing Wang, Junbin Gao, Le Min Tan, Kyung Yeon Han, Yoshihiko Tomofuji, Masahiro Nakano, Eliora Violain Buyamin, Radhika Sonthalia, Yoshinari Ando, Hiroaki Hatano, Kyuto Sonehara; Asian Immune Diversity Atlas Network; Xin Jin, Marie Loh, John Chambers, Chung-Chau Hon, Murim Choi, Jong-Eun Park, Kazuyoshi Ishigaki, Tomohisa Okamura, Keishi Fujio, Yukinori Okada, Woong-Yang Park, Jay W Shin, Xavier Roca, Shyam Prabhakar, Boxiang Liu",Single-cell RNA sequencing of peripheral blood links cell-type-specific regulation of splicing to autoimmune and inflammatory diseases,Nature Genetics,56,12,2739-2752,2024/12/03,2024,https://doi.org/10.1038/s41588-024-02019-8
"Lequn Wang, Xiaosheng Bai, Chuanchao Zhang, Qianqian Shi, Luonan Chen",Spatially Aware Domain Adaptation Enables Cell Type Deconvolution from Multi-Modal Spatially Resolved Transcriptomics,Small Methods,9,5,e2401163,2024/12/02,2024,https://doi.org/10.1002/smtd.202401163
"Hiroyuki Kitajima, Toru Yazawa, Roberto Barrio",Fast-slow analysis and bifurcations in the generation of the early afterdepolarization phenomenon in a realistic mathematical human ventricular myocyte model,Chaos: An Interdisciplinary Journal of Nonlinear Science,34,12,123108,2024/12/02,2024,https://doi.org/10.1063/5.0230834
"Kana Miyata, Takeshi Yamamoto, Ryo Kato, Shusaku Hayashi, Makoto Kadowaki",Preferential neurogenesis of nitrergic neurons in the myenteric plexus of the DSS-induced colitis mouse colon causes colonic dysmotility in colitis,American Journal of Physiology-Gastrointestinal and Liver Physiology,329,1,G17-G28,2024/11/27,2024,https://doi.org/10.1152/ajpgi.00219.2023
"Muyuan Xu, Takayuki Hosokawa, Ken-Ichiro Tsutsui, Kazuyuki Aihara",Dynamic tuning of neural stability for cognitive control,PNAS,121,49,e2409487121,2024/11/25,2024,https://doi.org/10.1073/pnas.2409487121
"Daiki Sasabayashi, Sakiko Tsugawa, Shinichiro Nakajima, Tsutomu Takahashi, Yoichiro Takayanagi, Shinsuke Koike, Naoyuki Katagiri, Masahiro Katsura, Atsushi Furuichi, Yuko Mizukami, Shimako Nishiyama, Haruko Kobayashi, Yusuke Yuasa, Naohisa Tsujino, Atsushi Sakuma, Noriyuki Ohmuro, Yutaro Sato, Kazuho Tomimoto, Naohiro Okada, Mariko Tada, Motomu Suga, Norihide Maikusa, Eric Plitman, Cassandra M J Wannan, Andrew Zalesky, Mallar Chakravarty, Kyo Noguchi, Hidenori Yamasue, Kazunori Matsumoto, Takahiro Nemoto, Hiroaki Tomita, Masafumi Mizuno, Kiyoto Kasai, Michio Suzuki",Increased structural covariance of cortical measures in individuals with an at-risk mental state,Progress in Neuro-Psychopharmacology and Biological Psychiatry,136,,111197,2024/11/22,2024,https://doi.org/10.1016/j.pnpbp.2024.111197
"Yiwen Yang, Chengming Zhang, Zhaonan Liu, Kazuyuki Aihara, Chuanchao Zhang, Luonan Chen, Wu Wei",MCGAE: unraveling tumor invasion through integrated multimodal spatial transcriptomics,Briefings in Bioinformatics,26,1,bbae608,2024/11/22,2024,https://doi.org/10.1093/bib/bbae608
"Anna Park, Jong Hyuk Byun, Il Hyo Jung, Shingo Iwami, Kwang Su Kim",Quantification of the Synergistic Inhibitory Effects of an Oncolytic Herpes Virus Plus Paclitaxel on Anaplastic Thyroid Cancer Cells,Complexity,2024,,3899849,2024/11/21,2024,https://doi.org/10.1155/cplx/3899849
"Kyuto Sonehara, Yukinori Okada",Leveraging genome-wide association studies to better understand the etiology of cancers,Cancer Science,116,2,288-296,2024/11/19,2024,https://doi.org/10.1111/cas.16402
"Kenji Kirihara, Mao Fujioka, Motomu Suga, Shinsuke Kondo, Kayo Ichihashi, Daisuke Koshiyama, Kentaro Morita, Tempei Ikegame, Mariko Tada, Tsuyoshi Araki, Seiichiro Jinde, Kazuki Taniguchi, Taiga Hosokawa, Kazuyuki Sugishita, Shinjiro Dogan, Kohei Marumo, Masanari Itokawa, Kiyoto Kasai",Betaine supplementation improves positive symptoms in schizophrenia,Schizophrenia Research,250,,120-122,2024/11/16,2024,https://doi.org/10.1016/j.schres.2022.11.009
"Xiaoshen Zhang, Kai Xiao, Yaokai Wen, Fengying Wu, Guanghui Gao, Luonan Chen, Caicun Zhou",Multi-omics with dynamic network biomarker algorithm prefigures organ-specific metastasis of lung adenocarcinoma,Nature Communications,15,1,9855,2024/11/14,2024,https://doi.org/10.1038/s41467-024-53849-3
"Ryo Kato, Takeshi Yamamoto, Hanako Ogata, Kana Miyata, Shusaku Hayashi, Michael D. Gershon, Makoto Kadowaki",Indigenous gut microbiota constitutively drive release of ciliary neurotrophic factor from mucosal enteric glia to maintain the homeostasis of enteric neural circuits,Frontiers in Immunology,15,,1372670,2024/11/13,2024,https://doi.org/10.3389/fimmu.2024.1372670
"Rui Bi, Lin-Nuo Pan, Hao Dai, Chunli Sun, Cong Li, Hui-Juan Lin, Lan-Ping Xie, Huai-Xiao Ma, Lin Li, Heng Xie, Kun Guo, Chun-Hui Hou, Yong-Gang Yao, Luo-Nan Chen, Ping Zheng",Epigenetic characterization of adult rhesus monkey spermatogonial stem cells identifies key regulators of stem cell homeostasis,Nucleic Acids Research,52,22,13644-13664,2024/11/13,2024,https://doi.org/10.1093/nar/gkae1013
"Wangxin Guo, Xiaoyu Zhang, Lin Li, Pengfei Shao, Chao Liang, Hongjiong Zhang, Kuo Liu, Shuoming Wang, Yunyi Peng, Jun Luo, Yi Ju, Angelo M De Marzo, Chen Yu, Luonan Chen, Bin Zhou, Dong Gao",JAK/STAT signaling maintains an intermediate cell population during prostate basal cell fate determination,Nature Genetics,56,12,2776-2789,2024/11/13,2024,https://doi.org/10.1038/s41588-024-01979-1
"Kenichi Yamamoto, Shinichi Namba, Kyuto Sonehara, Ken Suzuki, Saori Sakaue, Niall P Cooke, Shinichi Higashiue, Shuzo Kobayashi, Hisaaki Afuso, Kosho Matsuura, Yojiro Mitsumoto, Yasuhiko Fujita, Torao Tokuda; Biobank Japan Project; Koichi Matsuda, Takashi Gakuhari, Toshimasa Yamauchi, Takashi Kadowaki, Shigeki Nakagome, Yukinori Okada",Genetic legacy of ancient hunter-gatherer Jomon in Japanese populations,Nature Communications,15,1,9780,2024/11/12,2024,https://doi.org/10.1038/s41467-024-54052-0
"Hua Wang, Shijie Tang, Qibiao Wu, Yayi He, Weikang Zhu, Xinyun Xie, Zhen Qin, Xue Wang, Shiyu Zhou, Shun Yao, Xiaoling Xu, Chenchen Guo, Xinyuan Tong, Shuo Han, Yueh-Hung Chou, Yong Wang, Kwok-Kin Wong, Cai-Guang Yang, Luonan Chen, Liang Hu, Hongbin Ji",Integrative study of lung cancer adeno-to-squamous transition in EGFR TKI resistance identifies RAPGEF3 as a therapeutic target,National Science Review,11,12,nwae392,2024/11/07,2024,https://doi.org/10.1093/nsr/nwae392
"Mariko Tada, Sho Yagishita, Takanori Uka, Ryoichi Nishimura, Taiki Kishigami, Kenji Kirihara, Daisuke Koshiyama, Kaori Usui, Mao Fujioka, Tsuyoshi Araki, Kiyoto Kasai",From the Laboratory to the Real-World: The Role of Mismatch Negativity in Psychosis,Clinical EEG and Neuroscience,56,1,60-71,2024/11/06,2024,https://doi.org/10.1177/15500594241294188
"Maisha Islam Sejunti, Dane Taylor, Naoki Masuda",A Parrondo paradox in susceptible-infectious-susceptible dynamics over periodic temporal networks,Mathematical Biosciences,378,,109336,2024/11/06,2024,https://doi.org/10.1016/j.mbs.2024.109336
"Anubhav, Kantaro Fujiwara",Across Trials vs Subjects vs Contexts: A Multi-Reservoir Computing Approach for EEG Variations in Emotion Recognition,Proc ICMI'24,,,518-525,2024/11/04,2024,https://doi.org/10.1145/3678957.3685730
"Jiachen Wang, Yuelei Zhang, Luonan Chen, Xiaoping Liu",Reconstructing Molecular Networks by Causal Diffusion Do-Calculus Analysis with Deep Learning,Advanced Science,11,46,e2409170,2024/10/23,2024,https://doi.org/10.1002/advs.202409170
"Chanon Thongprayoon, Naoki Masuda",Online landmark replacement for out-of-sample dimensionality reduction methods,"Proceedings of the Royal Society A: Mathematical, Physical and Engineering Sciences",480,2300,20230966,2024/10/16,2024,https://doi.org/10.1098/rspa.2023.0966
"Meng-Guo Wang, Luonan Chen, Xiao-Fei Zhang",Dual decoding of cell types and gene expression in spatial transcriptomics with PANDA,Nucleic Acids Research,52,20,12173-12190,2024/10/15,2024,https://doi.org/10.1093/nar/gkae876
"Shinichi Namba, Masato Akiyama, Haruka Hamanoue, Kazuto Kato, Minae Kawashima, Itaru Kushima, Koichi Matsuda, Masahiro Nakatochi, Soichi Ogishima, Kyuto Sonehara, Ken Suzuki, Atsushi Takata, Gen Tamiya, Chizu Tanikawa, Kenichi Yamamoto, Natsuko Yamamoto, The BioBank Japan Project, Norio Ozaki, Yukinori Okada",Inconsistent embryo selection across polygenic score methods,Nature Human Behaviour,8,12,2264-2267,2024/10/14,2024,https://doi.org/10.1038/s41562-024-02019-y
"Tsutomu Wada, Yuki Takeda, Akira Okekawa, Go Komatsu, Yuichi Iwasa, Yasuhiro Onogi, Ichiro Takasaki, Takeru Hamashima, Masakiyo Sasahara, Hiroshi Tsuneki, Toshiyasu Sasaoka",Deletion of platelet-derived growth factor receptor β suppresses tumorigenesis in metabolic dysfunction-associated steatohepatitis (MASH) mice with diabetes,Scientific Reports,14,1,23829,2024/10/11,2024,https://doi.org/10.1038/s41598-024-75713-6
